insert into module values('zerohouse', 'zerohouse', 'test', 'test', 1,1, '#ffeeff', 'fa fa-dashcube', now(), now());
insert into module values('test1', 'zerohouse', 'test', 'test', 1,1, '#ffee00', 'fa fa-mars-double', now(), now());
insert into module values('test2', 'zerohouse', 'test', 'test', 1,1, '#ffeeff', 'fa fa-diamond', now(), now());
insert into module values('test3', 'zerohouse', 'test', 'test', 1,1, '#ff00ff', 'fa fa-leanpub', now(), now());
insert into module values('test4', 'zerohouse', 'test', 'test', 1,1, '#00eeff', 'fa fa-ship', now(), now());

insert into module_module values('test1', 'test1', 'test2');
insert into module_module values('test1', 'test3', 'test2');
insert into module_module values('test3', 'test3', 'test2');
insert into module_module values('zerohouse', 'test3', 'test2');
insert into module_module values('test1', 'test1', 'test3');
insert into module_module values('zerohouse', 'zerohouse', 'test3');
insert into module_module values('zerohouse', 'zerohouse', 'test4');
insert into module_module values('test1', 'test3', 'zerohouse');
insert into module_module values('test3', 'test3', 'zerohouse');
insert into module_module values('zerohouse', 'test3', 'zerohouse');

insert into schedule values(null, 'zerohouse', '2014-11-11 00:00', '2015-03-01 00:00', 'test', 'test');
insert into schedule values(null, 'test2', '2014-11-11 00:00', '2015-03-01 00:00', 'test', 'test');
insert into schedule values(null, 'test1', '2014-11-11 00:00', '2015-03-01 00:00', 'test', 'test');
insert into schedule values(null, 'test3', '2014-11-11 00:00', '2015-01-01 00:00', 'test', 'test');
insert into schedule values(null, 'test4', '2014-11-11 00:00', '2015-04-01 00:00', 'test', 'test');
insert into schedule values(null, 'zerohouse', '2014-11-11 00:00', '2015-01-01 00:00', 'test', 'test');
insert into schedule values(null, 'zerohouse', '2014-11-11 00:00', '2015-01-01 00:00', 'test', 'test');
insert into schedule values(null, 'test2', '2014-11-11 00:00', '2015-01-01 00:00', 'test', 'test');
insert into schedule values(null, 'test1', '2014-11-11 00:00', '2015-01-01 00:00', 'test', 'test');
insert into schedule values(null, 'test3', '2014-11-11 00:00', '2015-01-01 00:00', 'test', 'test');
insert into schedule values(null, 'test4', '2014-11-11 00:00', '2015-01-01 00:00', 'test', 'test');
insert into schedule values(null, 'zerohouse', '2014-11-11 00:00', '2015-01-01 00:00', 'test', 'test');
insert into schedule values(null, 'zerohouse', '2014-11-11 00:00', '2015-01-01 00:00', 'test', 'test');
insert into schedule values(null, 'test2', '2014-11-11 00:00', '2015-01-01 00:00', 'test', 'test');
insert into schedule values(null, 'test1', '2014-11-11 00:00', '2015-01-01 00:00', 'test', 'test');
insert into schedule values(null, 'test3', '2014-11-11 00:00', '2015-01-01 00:00', 'test', 'test');
insert into schedule values(null, 'test4', '2014-11-11 00:00', '2015-01-01 00:00', 'test', 'test');
insert into schedule values(null, 'zerohouse', '2014-11-11 00:00', '2015-01-01 00:00', 'test', 'test');